锘縞omp_items,isMain_item
賵賷賮乇 亘賷賱賵鬲賷 250睾脳12,
賵賷賮乇 亘賷賮丕 1賰睾脳4,
賵丕賳賷賱丕 亘丕乇 30睾,
賴丕賱賷 30睾,
賴丕乇賷賰丕 40睾,
賳賷賰爻 丕賱賮丕禺乇 40 睾,
賳賷賰爻 丕氐丕亘毓,
賳賷賰爻 XXL,
賳賵睾丕 50睾,
賳賵睾丕 25睾,
賳賵睾丕 22睾,
賳賵亘賷 X3,
鬲丕鬲 賰賷賰 毓丕卅賱賷 220睾脳24,
賲賷賱賰賷 賲丕賰爻 25睾,
賲丿賵乇 亘賷賮丕,
賲丕賱丨 30睾脳36脳4,
賰賷賰爻 賲賷賳賷 180睾脳16,
賰賷賰爻 賲賷賳賷 144睾脳16,
賰賷賰爻 賰賷賰 45睾,
賮賷賳睾乇 780睾脳6,
賮賵賱 鬲賵亘 216睾脳12,
賰賷賰 賯賱亘 丕賲賵乇 55睾,
賰賷賰 毓丕卅賱賷 賲賵夭丕賷賷賰 220睾脳24,
賰賷賰 毓丕卅賱賷 賮賵丕賰賴 220睾脳24,
賰賷賰 鬲乇賷鬲爻 35睾,
賰乇賷賲賱賷 賰賵賰賷夭 56睾,
賰乇賷賲賱賷 賰賵賰賷夭 36睾,
賮賵賱 鬲賵亘 22睾,
賰乇賷賲賱賷 亘賷賮丕 8*28,
賰乇賷賲賱賷 亘賷賮丕 500睾脳12,
賰乇賷賲賱賷 亘賷賮丕 230睾,
乇賵賱 賰賷賰爻 40睾,
賰乇丕賰乇 賲賷賰爻 350 睾,
賰乇丕賰乇 賮賷賵賳賷賰 150睾脳14,
賰乇丕賰乇 亘乇賷鬲夭賱 350睾脳12,
賰乇丕賰乇 亘乇賷鬲夭賱 300睾脳12,
賰乇丕賰乇 亘乇賷鬲夭賱 150睾脳12,
賰乇丕賰乇 200睾脳14,
賰乇丕賰乇 150睾脳30,
賮賷爻鬲賵 賵賷賮乇 60睾,
賮賵賱 鬲賵亘 50 睾 睾乇丕賳賷賵,賮賵賱 鬲賵亘
賮賵賱 鬲賵亘 50 睾,賮賵賱 鬲賵亘
賮賷乇賵夭 賲丕乇卮賲賷賱賵 17睾脳32脳6,
賰賷賰 賰賷賰爻 22睾脳24脳12,
賰乇賷賲賱賷 賮賵乇 160睾脳24,
賮乇賵賳丕 氐賳丿賵賷卮 500睾脳12,
賮乇賵賳丕 丿賵賳丕鬲 50睾,
睾賵賮乇賷鬲 賲賷賳賷 賲賷睾丕 28睾,
睾賵賮乇賷鬲 賲賷睾丕 50睾,
睾賵賮乇賷鬲 睾乇賷丿賷 20,
睾賵賮乇賷鬲 睾乇賷丿賷  25睾,
賮賷爻鬲賵 賵賷賮乇 50睾,
睾賵賮乇賷鬲 亘賷賮丕 25睾,
睾賵賮乇賷鬲 亘賷睾 噩賵賳 70睾,
睾賵賮乇賷鬲 丕賱賷鬲 40睾,
氐賵氐 賰賷賰爻,氐賵氐 亘賷賮丕
氐賵氐 毓乇亘賷 ,氐賵氐 亘賷賮丕
氐賵氐 亘賷賮丕,氐賵氐 亘賷賮丕
氐賵氐 丕丨賲乇 ,氐賵氐 亘賷賮丕
爻賵賮鬲 賲丕乇卮賲賱賱賵,
爻賲爻賲 80 睾,
爻賲爻賲 360睾脳16,
爻賲爻賲  70睾 ,
爻賲丕鬲卮 20睾,
爻賱賰卮賳 亘丕乇 40 睾,
爻賱賰卮賳 亘丕乇 25睾,
爻鬲賱賲亘賰 40睾,
爻鬲賱賲亘賰 30睾,
乇賷鬲卮賷 賰賵乇賳賷賴 25睾,
乇賷鬲賳睾,
乇賷鬲卮賷 賰賷賰 50睾,
乇賷鬲卮賷 賰賷賰 60睾,
乇賵賱 賰賷賰爻 55睾,乇賵賱 賰賷賰爻 50睾
乇賵賱 賰賷賰爻 50睾,乇賵賱 賰賷賰爻 50睾
乇賵爻賷,
乇賵丕賳丿 賰賷賰 35睾,
乇賵丕賳丿 賰賷賰 25睾,
乇賵丕賳丿 賯卮胤丞 35睾,
乇賵丕賳丿 爻鬲丕賳丿,
乇賵丕賳丿 噩賵夭丕賱賴賳丿,
乇賵丕賳丿 50睾,
乇賵丕賳丿 45 睾,乇丕賵賳丿
乇賵丕賳丿 40睾,乇丕賵賳丿
乇賵丕賳丿 22睾脳24脳12,
乇丕賵賳丿,乇丕賵賳丿
丿賵賳丕鬲 亘賷賮丕 賲睾胤爻,
丿賵賳丕鬲 亘賷賮丕 240睾脳14,
丿賵賳丕鬲 亘賷賮丕 20睾,
丿賴賳 亘賷賮丕 1 賰睾,
丿賴賳 850睾,
丿賴賳 300睾,丿賴賳 300睾
鬲丕賱賷丕 賲丕賱丨 30睾,
噩丿賱丞 乇賵丕賳丿 1賰睾脳8,
噩丕賲亘賵 亘賷賮丕 48睾,噩丕賲亘賵 亘賷賮丕 48睾
噩丕賲亘賵 亘賱丕賰,噩丕賲亘賵 亘賷賮丕 48睾
噩丕賲亘賵 丕丨賲乇,噩丕賲亘賵 亘賷賮丕 48睾
鬲乇賳丿 丕氐賮乇 25睾,
鬲丕賱賷丕 賳賵睾丕 噩賵夭丕賱賴賳丿 22睾,
鬲丕賱賷丕 賰乇丕賲賷賱 x2,
鬲丕賱賷丕 賰乇丕賲賷賱 40睾,
賰賷賰 亘賷賳丕 賮賵丕賰賴 22睾,
鬲丕賱賷丕 乇賵賱 賰賷賰 50睾,
鬲丕賱賷丕 丿賵賳丕鬲 20睾,
鬲丕賱賷丕 賮賷賳睾乇 賰賷賰 25睾,
鬲丕賱賷丕 亘丕乇 44 睾,
鬲丕賱賷丕 亘丕乇 30睾 X2,
鬲丕賱賷丕 亘丕乇賰賷賰 25睾,
鬲丕鬲 賰賷賰 毓丕卅賱賷 180睾,
亘賷賮丕 賴丿賷丞 ,
亘賷爻賰賵賮賷乇賷 賲賵夭丕賷賷賰  60睾,亘賷爻賰賵賮賷乇賷
亘賷爻賰賵賮賷乇賷 亘丕爻鬲丕  60睾,亘賷爻賰賵賮賷乇賷
亘賷鬲乇 賰賵賰賷夭 20睾,
亘爻賰賵賷鬲 賲丕乇卮賲賱賱賵 毓丕卅賱賷 300睾,
亘丕賳丿賵 亘丕乇 30睾,
亘爻賰賵賷鬲 卮丕賷 100睾脳24脳4,
丕賱賵 賰賷賰 100睾,
丕賮爻丕賳 氐睾賷乇 20.5睾,
丕賮爻丕賳 25睾,
丕丿賲賷乇 丕賱亘丨乇 亘賱丕賰 55睾,丕丿賲賷乇 丕賱亘丨乇
丕丿賲賷乇 丕賱亘丨乇,丕丿賲賷乇 丕賱亘丨乇
賰乇丕賰乇 300睾脳14,
賲賷賱賵丿賷 爻賵賮鬲 賲賵夭 12脳40,
賰賵賰賷夭 賲賵夭丕賷賷賰 80睾,
亘爻賰賵賷鬲 賰賵賰賷夭 240睾脳18,
賰賵賱丿賳鬲 亘賷鬲乇 80睾脳12,
賰賵賱丿賳鬲 睾賵賮乇賷鬲 125睾脳12,
鬲丕乇睾賷鬲 賵賷賮乇 60睾,
爻賵賮賱賷賴 賰賷賰 50睾,
爻賲爻賲 450睾脳6,
賰賷賰爻 賲丕乇卮賲賷賱賵 175睾脳16,
賲賵賷 賲丕乇卮賲賷賱賵 18睾脳32脳6,
賰乇丕賰乇 200睾脳12,
賰乇丕賰乇 丨丕乇 50睾脳24,
賵賷賮乇 亘賷賱賵鬲賷 200睾脳12,
賲丕賱丨 32睾脳72,
丕賮爻丕賳 50睾,
亘爻賰賵賷鬲 賰賵賰賷夭 60睾,
噩丿賱丞 鬲賵賰賷鬲賵 500睾脳16,
乇賵丕賳丿 賰賷賰 22睾脳24脳12,
賰賵賱丿賳鬲 賮爻鬲賯 80睾脳12,
賰乇賷賲賱賷 亘賷賮丕 8脳24,
賲賷賳賷 賰丕爻賷 180睾脳16,
乇賵爻賷 賮爻鬲賯 57睾脳48,
卮賵賰賵賱丕 賲丕乇鬲賷賳丕 1賰睾脳8,
睾賵賮乇賷鬲 睾乇賷丿賷 30睾,
賲賵賷 賲丕乇卮賲賷賱賵 90睾脳24脳4,
亘爻賰賵賷鬲 卮丕賷 800睾脳5,
卮賵賰賵賱丕 亘賱賵夭 1900睾脳6,
賰賷賰 鬲乇賷鬲爻 45睾,
丕丿賲賷乇 丕賱亘丨乇 賲爻胤乇丞 55睾,
乇賵爻賷70睾 XXL,
賰賷賰爻 毓丕卅賱賷 200睾脳12,
賰賷賰爻 賲丕乇卮賲賷賱賵 35睾,
賲丕賱丨 亘賷賮丕 30睾脳24脳6,
亘賷賮丕 爻賵賮鬲 160睾脳12,
賮賵賱 鬲賵亘 30睾,
乇賵丕賳丿 30睾,
乇賷卮賷 丿亘丿賵亘 55睾,
賰賷賰 鬲乇賷鬲爻 50睾,
賰賷賰 賯賱亘 賱賷夭丕 55睾,
賰賷賰 亘賷賳丕 賮賵丕賰賴 40睾,
卮賵賰賵亘賵賲 賲丕乇卮賲賷賱賵 13睾脳48脳6,
賰賷賰爻 丕賵賮丕賱 45睾,
亘丕賵賳丿 賰賷賰 50睾,
丕氐丕亘毓 丿賴賳 20睾,
亘爻賰賵賷鬲 賰賵賰賷夭 57睾,
丕賱賵 賰賷賰 55睾,
賮賷爻鬲賵 賵賷賮乇 55睾,
賵賷賮乇 孬賳賷爻鬲乇 55睾,
亘賷賳丕 氐賵氐 45睾,
賰乇賷賲賱賷 丕賰爻鬲乇丕 60睾,
賵賷賮乇 爻賳鬲乇賵 350睾脳24,
賰乇丕賰乇 亘乇賷鬲夭賱 400睾脳15,
鬲丕鬲 賰賷賰 100睾脳12脳6,
亘賷鬲乇賰賵賰賷夭 100睾脳22,
賰乇賷賲賱賷 亘賷賮丕 150睾脳24脳4,
賰乇賷賲賱賷 亘賷賮丕 240睾脳12,
丿丕丿賷 216睾脳12,
賳賵睾丕 X3 爻賵賳睾 60睾,
卮丕賷 亘賷賮丕 80睾脳24脳4,
丿賴賳 300睾 丿賷賵,丿賴賳 300睾
賵賷賮乇 孬賳賷爻鬲乇 142睾脳20,
賰賷賰爻 賲賵夭丕賷賷賰 35睾,
賵賷賮乇 亘賷賱賵鬲賷 30睾,
賮賵賱 鬲賵亘,賮賵賱 鬲賵亘
賰亘 賰賷賰 賮爻鬲賯 45睾,
賰賷賰爻 賱丕賷丕乇 賮爻鬲賯 45睾,
爻賵賮鬲 賲丕乇卮賲賱賱賵 50睾,
賮賷乇賵夭 賲丕乇卮賲賷賱賵 216睾脳12,
賰賷賰爻 賲賷賳賷 毓賱亘丞 18睾脳24脳12,
噩丿賱丞 乇賵丕賳丿 800睾脳8,
賰乇賷賲賱賷 亘賷賮丕 230睾脳18,
鬲丕鬲 賰賷賰 22睾,
亘丕賳丕亘賷 賰賷賰 55睾,
亘爻賰賵賷鬲 賲丕乇賷丕 130睾脳24,
